{
    "variable": [
        {
            "id": "baseUrl",
            "key": "baseUrl",
            "type": "string",
            "name": "string",
            "value": "http:\/\/localhost"
        }
    ],
    "info": {
        "name": "Laravel",
        "_postman_id": "8ca722b7-ef3a-4589-aa8a-1893d7ff97e3",
        "description": "",
        "schema": "https:\/\/schema.getpostman.com\/json\/collection\/v2.1.0\/collection.json"
    },
    "item": [
        {
            "name": "Endpoints",
            "description": "",
            "item": [
                {
                    "name": "POST api\/auth\/login",
                    "request": {
                        "url": {
                            "host": "{{baseUrl}}",
                            "path": "api\/auth\/login",
                            "query": [],
                            "raw": "{{baseUrl}}\/api\/auth\/login"
                        },
                        "method": "POST",
                        "header": [
                            {
                                "key": "Content-Type",
                                "value": "application\/json"
                            },
                            {
                                "key": "Accept",
                                "value": "application\/json"
                            }
                        ],
                        "body": {
                            "mode": "raw",
                            "raw": "{\"email\":\"glind@example.net\",\"password\":\"O7zE=t\\\\B<x\"}"
                        },
                        "description": "",
                        "auth": {
                            "type": "noauth"
                        }
                    },
                    "response": []
                },
                {
                    "name": "POST api\/auth\/register",
                    "request": {
                        "url": {
                            "host": "{{baseUrl}}",
                            "path": "api\/auth\/register",
                            "query": [],
                            "raw": "{{baseUrl}}\/api\/auth\/register"
                        },
                        "method": "POST",
                        "header": [
                            {
                                "key": "Content-Type",
                                "value": "application\/json"
                            },
                            {
                                "key": "Accept",
                                "value": "application\/json"
                            }
                        ],
                        "body": {
                            "mode": "raw",
                            "raw": "{\"name\":\"xojpvpqnbdjjhkahe\",\"email\":\"theller@example.com\",\"password\":\"XF8vwTPS4\"}"
                        },
                        "description": "",
                        "auth": {
                            "type": "noauth"
                        }
                    },
                    "response": []
                },
                {
                    "name": "POST api\/auth\/logout",
                    "request": {
                        "url": {
                            "host": "{{baseUrl}}",
                            "path": "api\/auth\/logout",
                            "query": [],
                            "raw": "{{baseUrl}}\/api\/auth\/logout"
                        },
                        "method": "POST",
                        "header": [
                            {
                                "key": "Content-Type",
                                "value": "application\/json"
                            },
                            {
                                "key": "Accept",
                                "value": "application\/json"
                            }
                        ],
                        "body": null,
                        "description": "",
                        "auth": {
                            "type": "noauth"
                        }
                    },
                    "response": []
                },
                {
                    "name": "GET api\/auth\/validateToken",
                    "request": {
                        "url": {
                            "host": "{{baseUrl}}",
                            "path": "api\/auth\/validateToken",
                            "query": [],
                            "raw": "{{baseUrl}}\/api\/auth\/validateToken"
                        },
                        "method": "GET",
                        "header": [
                            {
                                "key": "Content-Type",
                                "value": "application\/json"
                            },
                            {
                                "key": "Accept",
                                "value": "application\/json"
                            }
                        ],
                        "body": null,
                        "description": "",
                        "auth": {
                            "type": "noauth"
                        }
                    },
                    "response": [
                        {
                            "header": [
                                {
                                    "key": "cache-control",
                                    "value": "no-cache, private"
                                },
                                {
                                    "key": "content-type",
                                    "value": "application\/json"
                                },
                                {
                                    "key": "access-control-allow-origin",
                                    "value": "*"
                                },
                                {
                                    "key": "access-control-allow-methods",
                                    "value": "POST, GET, OPTIONS, PUT, DELETE"
                                },
                                {
                                    "key": "access-control-allow-credentials",
                                    "value": "true"
                                },
                                {
                                    "key": "access-control-max-age",
                                    "value": "86400"
                                },
                                {
                                    "key": "access-control-allow-headers",
                                    "value": "Content-Type, Authorization, X-Requested-With, Cache-Control"
                                }
                            ],
                            "code": 401,
                            "body": "{\"message\":\"Unauthenticated.\"}",
                            "name": ""
                        }
                    ]
                },
                {
                    "name": "GET api\/customers\/index",
                    "request": {
                        "url": {
                            "host": "{{baseUrl}}",
                            "path": "api\/customers\/index",
                            "query": [],
                            "raw": "{{baseUrl}}\/api\/customers\/index"
                        },
                        "method": "GET",
                        "header": [
                            {
                                "key": "Content-Type",
                                "value": "application\/json"
                            },
                            {
                                "key": "Accept",
                                "value": "application\/json"
                            }
                        ],
                        "body": null,
                        "description": "",
                        "auth": {
                            "type": "noauth"
                        }
                    },
                    "response": [
                        {
                            "header": [
                                {
                                    "key": "cache-control",
                                    "value": "no-cache, private"
                                },
                                {
                                    "key": "content-type",
                                    "value": "application\/json"
                                },
                                {
                                    "key": "access-control-allow-origin",
                                    "value": "*"
                                },
                                {
                                    "key": "access-control-allow-methods",
                                    "value": "POST, GET, OPTIONS, PUT, DELETE"
                                },
                                {
                                    "key": "access-control-allow-credentials",
                                    "value": "true"
                                },
                                {
                                    "key": "access-control-max-age",
                                    "value": "86400"
                                },
                                {
                                    "key": "access-control-allow-headers",
                                    "value": "Content-Type, Authorization, X-Requested-With, Cache-Control"
                                }
                            ],
                            "code": 401,
                            "body": "{\"message\":\"Unauthenticated.\"}",
                            "name": ""
                        }
                    ]
                },
                {
                    "name": "POST api\/customers\/store",
                    "request": {
                        "url": {
                            "host": "{{baseUrl}}",
                            "path": "api\/customers\/store",
                            "query": [],
                            "raw": "{{baseUrl}}\/api\/customers\/store"
                        },
                        "method": "POST",
                        "header": [
                            {
                                "key": "Content-Type",
                                "value": "application\/json"
                            },
                            {
                                "key": "Accept",
                                "value": "application\/json"
                            }
                        ],
                        "body": {
                            "mode": "raw",
                            "raw": "{\"first_name\":\"pjojjzcbc\",\"last_name\":\"fbvpwhp\",\"age\":11,\"dob\":\"2024-06-13T10:36:16\",\"email\":\"langosh.mae@example.com\"}"
                        },
                        "description": "",
                        "auth": {
                            "type": "noauth"
                        }
                    },
                    "response": []
                },
                {
                    "name": "PUT api\/customers\/update\/{customerId}",
                    "request": {
                        "url": {
                            "host": "{{baseUrl}}",
                            "path": "api\/customers\/update\/:customerId",
                            "query": [],
                            "raw": "{{baseUrl}}\/api\/customers\/update\/:customerId",
                            "variable": [
                                {
                                    "id": "customerId",
                                    "key": "customerId",
                                    "value": "dolore",
                                    "description": ""
                                }
                            ]
                        },
                        "method": "PUT",
                        "header": [
                            {
                                "key": "Content-Type",
                                "value": "application\/json"
                            },
                            {
                                "key": "Accept",
                                "value": "application\/json"
                            }
                        ],
                        "body": {
                            "mode": "raw",
                            "raw": "{\"first_name\":\"aaufdoejowwp\",\"last_name\":\"gjuicywzumcqzzitpjqxncs\",\"age\":3,\"dob\":\"2024-06-13T10:36:16\",\"email\":\"oral89@example.net\"}"
                        },
                        "description": "",
                        "auth": {
                            "type": "noauth"
                        }
                    },
                    "response": []
                },
                {
                    "name": "DELETE api\/customers\/destroy\/{customerId}",
                    "request": {
                        "url": {
                            "host": "{{baseUrl}}",
                            "path": "api\/customers\/destroy\/:customerId",
                            "query": [],
                            "raw": "{{baseUrl}}\/api\/customers\/destroy\/:customerId",
                            "variable": [
                                {
                                    "id": "customerId",
                                    "key": "customerId",
                                    "value": "et",
                                    "description": ""
                                }
                            ]
                        },
                        "method": "DELETE",
                        "header": [
                            {
                                "key": "Content-Type",
                                "value": "application\/json"
                            },
                            {
                                "key": "Accept",
                                "value": "application\/json"
                            }
                        ],
                        "body": null,
                        "description": "",
                        "auth": {
                            "type": "noauth"
                        }
                    },
                    "response": []
                }
            ]
        }
    ],
    "auth": {
        "type": "noauth"
    }
}